loan_id,prob
L001,2.439799189413025e-06
L1001,7.905710090656533e-07
L1201,3.956944917319525e-06
L1401,1.419238665995123e-06
L1601,4.7582773250407165e-06
L1801,8.777680062874831e-07
L201,5.1262896483088435e-06
L401,5.4033306912489346e-06
L601,7.628433469230988e-07
L801,6.813078190877943e-07
L002,1.8582217976738584e-06
L1002,1.2711817023739671e-05
L1202,1.5749933041456575e-06
L1402,1.983615801353803e-06
L1602,2.141716692450715e-06
L1802,6.729177117735959e-06
L202,2.3671785847133292e-07
L402,2.06804341929581e-06
L602,5.616339336623035e-06
L802,8.120653546251232e-06
L003,0.9999625571035915
L011,1.2532474589153865e-06
L1003,4.298052009878487e-06
L1203,2.1371252623470868e-06
L1403,1.4438691190232413e-06
L1603,4.774496732347313e-06
L1803,2.036429519848434e-06
L203,2.7839121691866557e-06
L403,1.0566642704492792e-06
L603,1.850331319083466e-06
L803,3.8017041936392306e-06
L004,6.981115212653238e-06
L1004,7.425377265184364e-06
L1204,9.680824783639195e-07
L1404,1.4197455492649188e-06
L1604,1.0203930695040913e-06
L1804,5.89908810439152e-07
L204,1.117659980173169e-06
L404,6.448832312228683e-06
L604,2.7285040499283447e-06
L804,2.350910446126588e-06
L005,1.416032214117865e-06
L1005,2.918706193715546e-07
L1205,1.9962518055270047e-06
L1405,1.951536787093715e-06
L1605,2.1412625003871627e-06
L1805,5.9062341940185285e-06
L205,3.092363964091716e-06
L405,2.1699320718980965e-06
L605,1.80378991793238e-06
L805,7.0200526630188395e-06
L006,0.999998381861469
L1006,6.859914033415832e-07
L1206,7.395979890836926e-06
L1406,5.12069654436862e-06
L1606,1.5581113339618977e-06
L1806,4.958769805219031e-06
L206,1.6501939286063844e-06
L406,1.4158524122770947e-05
L606,2.018362447251352e-06
L806,5.001062994927721e-06
L007,3.5121203844719026e-07
L1007,2.8170925410034335e-06
L1207,1.013716477592989e-05
L1407,1.9763103434846837e-06
L1607,5.266856858157415e-06
L1807,1.6897008933588043e-06
L207,6.345145638628901e-06
L407,2.5454238700151765e-06
L607,1.38082165008314e-06
L807,8.344557155832596e-06
L008,0.9999719712468503
L1008,2.397904085156232e-06
L1208,4.966652539377696e-06
L1408,1.364705905453181e-06
L1608,1.1638798957660253e-06
L1808,1.5353038201278597e-06
L208,1.4155814031608103e-06
L408,1.8428159349398607e-06
L608,0.9999925219155106
L808,5.104209262395173e-07
L009,0.9999977487695065
L1009,4.253866867639933e-06
L1209,2.6630549623312723e-06
L1409,4.976004583450381e-06
L1609,1.7340086008905405e-06
L1809,3.232882459366974e-06
L209,2.676639439107064e-06
L409,3.0674194671221e-06
L609,0.9999941590408318
L809,2.060702765764078e-06
L010,3.7215527440341754e-06
L1010,5.8352444919215365e-06
L1210,6.029851186961892e-06
L1410,2.288780928766549e-06
L1610,4.200210200400871e-06
L1810,8.147076660269368e-06
L210,4.5196352282853165e-06
L410,1.4625517383815687e-06
L610,3.1184139613146937e-06
L810,6.497842299237828e-06
L1011,5.902973502737604e-07
L1211,2.824276878103868e-06
L1411,3.519578022545844e-06
L1611,6.4439213343643046e-06
L1811,2.8084176564106e-07
L211,1.8581054276636464e-06
L411,1.984497631637697e-06
L611,4.037447213899432e-06
L811,9.716088119952828e-07
L012,1.2219223705488396e-06
L1012,1.7836275892198256e-06
L1212,1.768704506903244e-06
L1412,1.5342739890320196e-06
L1612,1.010133902211437e-05
L1812,9.11291233957921e-07
L212,5.786406795160939e-06
L412,0.9999966598933546
L612,6.045102255563591e-06
L812,6.724702103381747e-06
L013,9.218176179355774e-07
L1013,2.6203893626775007e-06
L1213,1.098266458661971e-06
L1413,2.4041296670802662e-06
L1613,3.744941399049175e-07
L1813,9.956441556415288e-07
L213,4.857740999522578e-06
L413,3.86397169853414e-06
L613,1.5105572237248052e-06
L813,1.257248315150281e-05
L014,6.7365716208059146e-06
L1014,1.3456893764711874e-06
L1214,1.5909199701652592e-06
L1414,8.23495677212093e-06
L1614,2.0197819761199974e-06
L1814,1.5729884794127753e-06
L214,4.8982869362956435e-06
L414,1.1548929251620298e-06
L614,9.508442578944e-06
L814,3.564729305989901e-06
L015,6.399957042162457e-06
L1015,2.703804625912061e-06
L1215,7.946598315943782e-07
L1415,0.9999942072015204
L1615,3.760422726479242e-07
L1815,1.4710191780457638e-06
L215,7.093354617837852e-06
L415,6.04532425327298e-07
L615,9.490137051839694e-06
L815,3.153841854712568e-07
L016,4.910701160726473e-06
L1016,8.377141547639091e-07
L1216,1.4650265238105136e-05
L1416,1.6241206462075103e-06
L1616,3.978236348517868e-06
L1816,1.4162461950882626e-06
L216,7.23018675693367e-07
L416,1.249150138745319e-06
L616,2.4253475395685315e-06
L816,4.201991139199807e-07
L017,7.1030963388461765e-06
L1017,7.579073346576039e-07
L1217,2.5882319419118354e-06
L1417,2.225573647964888e-06
L1617,7.93639901832333e-06
L1817,1.4695520414473787e-06
L217,4.854785406007298e-06
L417,4.438247623891365e-06
L617,1.1842230296167073e-05
L817,1.8355141032788058e-06
L018,1.1493498940433546e-06
L1018,1.6760975562217564e-06
L1218,7.719205944915132e-06
L1418,6.054284501748143e-07
L1618,4.687174361906169e-06
L1818,2.8941894061341028e-06
L218,1.0184505979987214e-06
L418,1.1436515458733037e-06
L618,7.41090472360444e-06
L818,5.109187178054385e-06
L019,3.039619042135277e-06
L1019,6.661790765842725e-06
L1219,3.3675097376794636e-06
L1419,1.3380579081990031e-06
L1619,1.5816326207691713e-06
L1819,4.235679057771425e-06
L219,2.284409727310358e-06
L419,4.995339510692155e-06
L619,2.61649089799235e-06
L819,6.210087428590637e-06
L020,4.671280126955874e-06
L1020,1.1047761173965218e-06
L1220,2.475258316192842e-06
L1420,1.9785966441249913e-06
L1620,1.6828293222911037e-06
L1820,1.6951771310333265e-06
L220,3.263714432547435e-06
L420,3.0463461685243152e-06
L620,3.0189336248501712e-06
L820,1.291987383741703e-06
L021,3.2833417040936124e-06
L1021,1.3407296211609876e-06
L1221,1.232372802264598e-06
L1421,5.7989405320478274e-06
L1621,1.0650152767774713e-06
L1821,2.3098056782465894e-06
L221,5.799354673166319e-06
L421,7.934974800432852e-07
L621,7.797255636808877e-07
L821,5.607152081163018e-07
L022,5.624205133499509e-07
L1022,8.830615522659113e-06
L1222,1.4690836560274858e-06
L1422,5.065954035864405e-06
L1622,2.176595466329951e-06
L1822,1.6563700826553469e-06
L222,2.0267748459391697e-06
L422,4.971227195865643e-07
L622,1.2123587238037474e-06
L822,6.4400256328501e-06
L023,1.7579441388660153e-06
L1023,3.4248179208592595e-06
L1223,5.626497889042578e-06
L1423,1.8780268592877949e-06
L1623,3.84603145746613e-06
L1823,4.953519744119745e-06
L223,1.5438584736274392e-06
L423,5.911158318087847e-06
L623,2.9472962996617444e-06
L823,2.076418750417594e-06
L024,3.204326968823067e-06
L1024,2.7216718720782038e-06
L1224,7.565915613740486e-07
L1424,6.6695966897947784e-06
L1624,2.7780675680170857e-06
L1824,2.5047866348150695e-06
L224,6.956849433332038e-07
L424,6.253066585694995e-07
L624,1.793553749478738e-05
L824,3.123187506029868e-06
L025,1.1209793393333676e-05
L1025,2.675879085414157e-06
L1225,8.690891340761601e-07
L1425,1.8478322401345173e-06
L1625,9.131870108721648e-07
L1825,1.194175813967041e-05
L225,1.592900029455879e-06
L425,4.272648334942329e-06
L625,1.0065845947546774e-06
L825,2.906536917481196e-06
L026,5.968264622545022e-06
L1026,6.618538120846385e-07
L1226,3.0773377577332597e-06
L1426,4.159434755630916e-06
L1626,1.0059821071425258e-06
L1826,1.1799330186476795e-05
L226,1.1577730057437302e-05
L426,9.619610417456366e-07
L626,1.7775302053668808e-06
L826,6.500559708624073e-06
L027,1.4632698981806502e-06
L1027,2.1734654165251566e-06
L1227,1.34068627366423e-06
L1427,1.5423171254359124e-05
L1627,4.359078039259529e-06
L1827,9.158028639827348e-07
L227,1.6333923185594415e-06
L427,8.39011640931227e-07
L627,6.857827111661608e-06
L827,4.1052296068560397e-07
L028,8.474785800044391e-07
L1028,2.025017959057429e-06
L1228,1.6817599031850382e-06
L1428,5.215050473445104e-06
L1628,2.4910231401031322e-06
L1828,3.707002100366441e-06
L228,1.914331459199667e-06
L428,1.6389625532558568e-06
L628,1.4832097044021654e-06
L828,2.585813925532896e-06
L029,1.3461273528101282e-05
L1029,2.588245576307422e-06
L1229,7.933236656640572e-06
L1429,3.7024245351403477e-07
L1629,4.299663465715919e-06
L1829,6.989863556596237e-07
L229,2.831964420091358e-06
L429,5.000354230352568e-06
L629,4.4793894874336545e-07
L829,8.810054882618252e-07
L030,1.0456248088543e-06
L1030,1.4020141415241987e-06
L1230,3.328375849044544e-07
L1430,7.897976006185233e-06
L1630,3.4736502890339667e-06
L1830,1.6331013035389752e-06
L230,7.448071489304285e-07
L430,4.707764944887213e-06
L630,9.403438755520101e-07
L830,2.933628702716641e-06
L031,1.1851031635256263e-06
L1031,5.762616839541925e-06
L1231,8.206278036771585e-06
L1431,3.8449451173875086e-06
L1631,1.1930475217057976e-06
L1831,5.977149991367424e-06
L231,7.083983725423373e-06
L431,3.2971083485590006e-06
L631,1.3091377916343034e-06
L831,1.0474594462189046e-06
L032,2.4429480050771866e-06
L1032,9.356178957024246e-06
L1232,3.2052755797823976e-06
L1432,2.051504410914813e-06
L1632,2.665456768299022e-06
L1832,9.825706110729138e-07
L232,9.413972174842889e-07
L432,1.0211244252251607e-06
L632,5.417955173055756e-06
L832,1.2192463737748903e-05
L033,4.0122960287608915e-06
L1033,6.920527275757429e-07
L1233,5.555136256615991e-06
L1433,3.0551732837151076e-07
L1633,1.7431835569174495e-06
L1833,3.3107396822659638e-06
L233,2.1252648782084706e-06
L433,2.0740814054080416e-06
L633,1.50694667655025e-06
L833,5.248757735803488e-06
L034,2.870741391390326e-06
L1034,5.931478250063065e-06
L1234,5.4930875107568305e-06
L1434,1.0933789779844715e-06
L1634,1.5406122484766564e-06
L1834,1.2197406626747613e-06
L234,1.5893541177463602e-06
L434,7.822728665796076e-06
L634,1.3056790629048892e-05
L834,1.0733230725975644e-06
L035,1.5379489328135027e-06
L1035,3.210842330329365e-06
L1235,1.515599126972808e-06
L1435,1.309173014935993e-06
L1635,2.329837089934057e-06
L1835,1.8220335706328434e-06
L235,2.725574167235387e-06
L435,2.470657109113974e-06
L635,6.350736820632443e-07
L835,5.423421683586313e-06
L036,1.903079041040559e-06
L1036,7.60608670394868e-07
L1236,8.957206899577793e-07
L1436,9.541838755152162e-07
L1636,8.435596841019546e-07
L1836,7.600986920024395e-07
L236,4.978510038165719e-06
L436,5.802786352464844e-06
L636,7.240694035866797e-07
L836,2.579447456893943e-06
L037,8.848589320858943e-07
L1037,1.65623810861578e-06
L1237,4.312510036208303e-06
L1437,1.171419930878118e-06
L1637,7.253002237839742e-07
L1837,4.041661241886344e-06
L237,9.53641581888942e-06
L437,1.7220086315110083e-05
L637,1.1156552157015278e-06
L837,2.3749374614434838e-06
L038,1.4180853626229725e-05
L1038,1.3245819928024063e-06
L1238,1.1820042320670748e-06
L1438,8.303134121344319e-06
L1638,3.8750413214055835e-06
L1838,4.673866486366263e-06
L238,2.2637969405288744e-06
L438,5.349226951172616e-07
L638,2.7067831793373268e-06
L838,7.489107064800333e-07
L039,3.739438835011074e-06
L1039,2.2375177903774448e-06
L1239,4.742689608355371e-06
L1439,9.29154469787037e-07
L1639,7.5283315228865015e-06
L1839,9.974526539642996e-07
L239,2.2542553740605877e-06
L439,3.8698944292109925e-06
L639,2.2556242785576245e-06
L839,1.6892549955703685e-05
L040,5.71773520004461e-06
L1040,2.041632515575315e-06
L1240,1.7438013091558353e-06
L1440,5.668761070910889e-06
L1640,4.614223152857497e-06
L1840,2.2944141192416493e-06
L240,6.661559838161907e-06
L440,4.773592569731801e-06
L640,1.480987709752748e-06
L840,1.3784318517852606e-06
L041,1.8420541230265494e-06
L1041,2.137815203645714e-06
L1241,3.414112979433614e-07
L1441,2.45111565630876e-06
L1641,5.5508967384946676e-06
L1841,1.8357323413709267e-06
L241,3.1906313298328093e-07
L441,1.030242879754848e-06
L641,1.551100693283804e-06
L841,1.2242403599715714e-06
L042,2.1176330092569564e-07
L1042,2.468692103770441e-06
L1242,2.1776912694152665e-07
L1442,4.603098298777986e-06
L1642,1.7102295851778388e-06
L1842,4.6609387733181215e-06
L242,1.2845330150146236e-06
L442,7.195131113655796e-07
L642,9.56492349093923e-07
L842,1.010802964095626e-06
L043,3.810347685934215e-06
L1043,3.1727971660320196e-06
L1243,2.6883266144677345e-06
L1443,0.9999969005625258
L1643,2.2793974762476423e-06
L1843,2.158265250100052e-06
L243,1.0616388724421928e-06
L443,3.0730823550646353e-06
L643,3.857720098831129e-06
L843,4.808208169260002e-06
L044,6.377078365896483e-06
L1044,1.5796960913789437e-06
L1244,6.946416007365406e-06
L1444,7.062411993119184e-06
L1644,3.686982774188657e-06
L1844,1.0111018252619336e-06
L244,2.5899191955346415e-06
L444,2.7110595617894427e-06
L644,5.289029747848672e-06
L844,4.4185829704211196e-06
L045,4.450789969784313e-07
L1045,3.226200594063939e-06
L1245,1.5316832602292377e-06
L1445,9.592959022312606e-07
L1645,1.5357109909047104e-06
L1845,1.1289100577731944e-06
L245,2.08614956555972e-06
L445,1.8139409173520827e-05
L645,1.9731660355082237e-06
L845,2.1382856335133435e-05
L046,1.6778705055793395e-06
L1046,2.5165278873066844e-06
L1246,2.977024480827115e-07
L1446,9.147320838074031e-07
L1646,2.0183588373868007e-06
L1846,1.3857893178480047e-06
L246,2.197803619677346e-06
L446,2.1823655386814895e-06
L646,5.942280709462384e-06
L846,1.1224338838582117e-06
L047,8.254312846543279e-06
L1047,7.278343575020542e-07
L1247,1.0421109669832188e-06
L1447,2.470184762428692e-06
L1647,1.3973860033302451e-06
L1847,1.1121669551905998e-06
L247,1.2722415788667217e-06
L447,6.623448212979388e-07
L647,0.9999924624597997
L847,2.4997969856839035e-06
L048,1.8489236414827811e-06
L1048,2.357242659146211e-06
L1248,1.1356936224863546e-06
L1448,8.689765561202997e-06
L1648,5.647783235949768e-06
L1848,4.447634227052391e-06
L248,1.028323160721239e-06
L448,0.9999978025288404
L648,5.446822399994226e-06
L848,1.3709048154080582e-05
L049,7.520875326546399e-06
L1049,6.34249968390264e-07
L1249,1.0714774848855152e-06
L1449,4.219760992951168e-06
L1649,3.0374145121985844e-06
L1849,1.2676603591687053e-06
L249,6.621666346534913e-07
L449,6.1421103872724885e-06
L649,1.2866669744676432e-06
L849,1.497392439586872e-06
L050,1.6547776816530642e-05
L1050,1.4411220234657862e-06
L1250,1.406062460128438e-06
L1450,5.1874854278537385e-06
L1650,1.6394599614049407e-06
L1850,6.169081002163164e-06
L250,2.8096025939476945e-06
L450,5.325289177326781e-06
L650,1.4705559513877744e-06
L850,8.562818872383058e-07
L051,9.310249194978707e-06
L1051,2.706207304517972e-07
L1251,5.827016771334897e-06
L1451,5.55764638921515e-06
L1651,4.830123649784465e-06
L1851,3.5457999098217312e-06
L251,8.724088928199584e-06
L451,8.19578633983375e-06
L651,9.335299814512494e-06
L851,1.085462356836654e-05
L052,6.815755724481465e-07
L1052,1.064590220625062e-06
L1252,0.9999757462246679
L1452,3.997167876329174e-06
L1652,2.788581370886917e-06
L1852,4.24739930090922e-06
L252,2.857313822501464e-06
L452,1.0033519402874008e-06
L652,2.470928740829655e-07
L852,5.561744102514366e-07
L053,1.6649909858721508e-06
L1053,2.5815588187622825e-06
L1253,3.422787509521658e-06
L1453,2.0696772913058824e-06
L1653,1.3525879275072024e-06
L1853,2.856898286167342e-06
L253,2.4691208617982777e-06
L453,1.4137037132856739e-06
L653,4.921433418868548e-07
L853,1.4548447285072782e-06
L054,4.210865621623667e-07
L1054,4.3368519837619006e-07
L1254,3.897086263380648e-07
L1454,2.5427100316572576e-06
L1654,2.31090863234034e-06
L1854,2.376376896220903e-06
L254,6.773481737877775e-07
L454,8.854832623935494e-07
L654,2.409548321173237e-06
L854,4.314704714136585e-06
L055,5.690506334804863e-07
L1055,3.079185784139429e-06
L1255,2.633903063655349e-07
L1455,6.819350394242275e-07
L1655,2.11577953332585e-06
L1855,1.3428512743423861e-06
L255,1.0382409098485112e-06
L455,3.08184225038661e-06
L655,3.7952435377517366e-06
L855,1.6290318279838355e-06
L056,3.7926780244736105e-06
L1056,5.301667326941478e-07
L1256,3.9607930415931025e-06
L1456,3.6347605351983675e-06
L1656,6.350777180502348e-07
L1856,6.308344861781792e-07
L256,6.019437543820816e-07
L456,7.014760257455442e-06
L656,3.0951320390138817e-06
L856,6.710595402169482e-06
L057,8.731295806776247e-07
L1057,8.078111156146136e-07
L1257,3.872813314888922e-06
L1457,4.5903008869344035e-06
L1657,1.0721382805813761e-06
L1857,1.20145322592877e-05
L257,9.297251509415324e-07
L457,2.611299033326614e-07
L657,1.222205070306005e-06
L857,1.0077877074909438e-06
L058,5.886932784151019e-07
L1058,1.675701688695781e-06
L1258,3.3156374258791323e-06
L1458,2.2219186900407195e-06
L1658,9.922011593061879e-07
L1858,1.114012149536213e-06
L258,1.0771009242484176e-06
L458,6.288637395174421e-06
L658,7.61148753571367e-06
L858,3.138308062052209e-06
L059,3.994580236206607e-06
L1059,2.086643833442511e-06
L1259,4.9881199972702376e-06
L1459,4.358952171404685e-07
L1659,1.8504411961710634e-06
L1859,1.1102683255536918e-06
L259,8.354476122116503e-06
L459,1.3044487345580002e-06
L659,1.7747108402270125e-06
L859,1.3439134607613127e-06
L060,1.1264739229194276e-06
L1060,4.223003238394337e-06
L1260,1.2489489321923765e-06
L1460,6.265880143870124e-07
L1660,6.624630020147929e-06
L1860,2.993048632465697e-07
L260,8.783524742882637e-07
L460,1.0793947567949953e-06
L660,3.904579800299719e-06
L860,8.658883680320754e-07
L061,3.274396722100661e-06
L1061,9.24224799788377e-06
L1261,3.754297690355881e-06
L1461,1.032535976435502e-06
L1661,1.2817565659173884e-05
L1861,6.948902990942407e-06
L261,1.703409374182721e-06
L461,1.8410691136955228e-06
L661,4.837592548299921e-06
L861,1.1526558606073937e-06
L062,3.5974616475640106e-06
L1062,3.227066585098904e-06
L1262,1.6445695094330957e-06
L1462,2.64543400130928e-06
L1662,4.426194042207048e-06
L1862,4.283108969603616e-07
L262,2.9342322285680637e-06
L462,6.328669466559803e-07
L662,6.327049182490652e-06
L862,2.2837499639004302e-06
L063,2.955341389831928e-06
L1063,2.449377051217049e-06
L1263,0.9999974585575798
L1463,4.826885808469933e-06
L1663,1.1083962138895739e-06
L1863,3.513884459793853e-06
L263,2.7894837428375964e-06
L463,4.1846148917244337e-07
L663,1.0919667288430499e-06
L863,5.702850284979308e-06
L064,2.39588899825915e-06
L1064,0.9999976003505957
L1264,9.596440117131829e-07
L1464,5.575679516631375e-06
L1664,0.9999858539013701
L1864,0.9999967674481265
L264,1.0653915410853694e-06
L464,4.1741788115926885e-06
L664,8.429521608947533e-06
L864,5.201408666614594e-06
L065,1.3044922504008787e-06
L1065,9.130226075607702e-07
L1265,5.238769932192133e-07
L1465,2.02881173810202e-06
L1665,5.420286239855888e-07
L1865,9.632353416312722e-07
L265,5.328931789725768e-07
L465,3.3423945170901767e-06
L665,8.614901848970385e-07
L865,8.624531883962606e-07
L066,1.8173285216368715e-06
L1066,3.836026010592064e-06
L1266,1.186902781033274e-06
L1466,1.5218116393238543e-06
L1666,1.3840701161916908e-06
L1866,1.093610587534433e-06
L266,2.42680851074209e-06
L466,1.20958988065879e-06
L666,5.806576732337978e-06
L866,5.118677947085555e-06
L067,1.4612735466064028e-06
L1067,6.186277786296673e-06
L1267,2.173224315780194e-06
L1467,2.1704570609863325e-06
L1667,6.226283717532523e-06
L1867,3.25951073549746e-06
L267,2.9533136133803134e-06
L467,3.1733543037086904e-06
L667,3.805847795223001e-06
L867,5.107299621699736e-06
L068,1.6487987019783881e-06
L1068,3.474499023376066e-06
L1268,2.3601003900188867e-06
L1468,3.343174912597309e-06
L1668,6.8318388635696614e-06
L1868,3.7137039978023237e-06
L268,4.453401727400728e-06
L468,2.0286531991108058e-06
L668,1.1086011629728026e-06
L868,7.554959657673371e-07
L069,4.7862698954160575e-06
L1069,7.206996826970732e-07
L1269,2.873392693064326e-07
L1469,1.8446206974410237e-06
L1669,8.191940764432864e-06
L1869,1.9442818484775885e-06
L269,0.9999958243568214
L469,2.380551489168074e-06
L669,4.28198238991279e-06
L869,6.952626475381488e-06
L070,8.690024197943613e-06
L1070,1.3575654163306832e-06
L1270,1.2747428205658192e-06
L1470,3.308753661833851e-06
L1670,1.2306628323424349e-06
L1870,1.4148163557414606e-06
L270,1.2511940417090937e-06
L470,1.1017026930586504e-06
L670,5.945549630851034e-06
L870,3.8019520910100413e-06
L071,4.821269883868734e-07
L1071,2.3863231417086183e-06
L1271,4.506283127862249e-06
L1471,1.0943348241014495e-06
L1671,9.400124386793461e-07
L1871,1.798053683616144e-06
L271,3.7543092968177362e-06
L471,1.4110934763801158e-06
L671,2.59187773540884e-06
L871,4.4110376791743285e-06
L072,2.3608294954678543e-06
L1072,2.861184824757804e-06
L1272,4.079257643063933e-06
L1472,1.7162633305114992e-06
L1672,9.11330430860321e-07
L1872,3.9802252997337076e-06
L272,7.693632301907633e-07
L472,1.5937508464296792e-06
L672,1.1217710126296975e-06
L872,1.3235392739346227e-06
L073,4.764226035327477e-06
L1073,7.865537123554444e-06
L1273,8.266283279546854e-07
L1473,9.454006332575064e-07
L1673,7.492441706129147e-06
L1873,1.687418570435817e-06
L273,5.332159661218887e-06
L473,1.1571926090999557e-06
L673,3.756616092143502e-06
L873,1.7812254211786443e-06
L074,3.305044701011991e-06
L1074,9.935181832604657e-07
L1274,5.265808989747416e-06
L1474,9.847986683908707e-07
L1674,1.5370970961918239e-06
L1874,1.497732977844982e-06
L274,2.1436853902560543e-06
L474,3.5648228062196925e-06
L674,5.647071042659617e-06
L874,1.5043435213393709e-06
L075,1.0754640300483364e-06
L1075,1.519212044743211e-06
L1275,6.065799535299024e-07
L1475,2.9283315505897614e-06
L1675,1.5644221306714066e-06
L1875,8.14884456325819e-07
L275,8.486251194123983e-06
L475,1.132104163366118e-06
L675,1.7999263008958822e-06
L875,6.861965090631194e-06
L076,1.3709683683802641e-06
L1076,1.4800344155125572e-06
L1276,1.662337879019997e-06
L1476,2.021293514463954e-06
L1676,2.2807673828079537e-06
L1876,2.277526287977935e-06
L276,1.1265626769365835e-06
L476,7.005838429426139e-06
L676,1.984460713522978e-06
L876,2.0304051680898602e-06
L077,6.476157954927226e-06
L1077,2.3707958217992626e-06
L1277,1.1069692291996436e-06
L1477,2.521585879505405e-06
L1677,7.349155852082837e-06
L1877,2.613916537159833e-06
L277,2.746855424616857e-06
L477,5.360974498953032e-07
L677,5.426428964222676e-07
L877,7.720389118548076e-07
L078,5.117522817223339e-06
L1078,7.582320052120391e-06
L1278,3.4226052056674067e-07
L1478,1.2943167900152343e-06
L1678,3.2836094913983804e-06
L1878,2.2518509343328074e-06
L278,2.0175617010557522e-07
L478,1.8216161195612544e-06
L678,4.192485694247845e-07
L878,0.9999815433365079
L079,2.779235394036718e-07
L1079,1.2392964198485036e-06
L1279,4.169553376836442e-06
L1479,1.5510680172582248e-06
L1679,1.551391542744455e-06
L1879,4.395986613573086e-06
L279,1.6798065669832027e-06
L479,7.28045189191492e-07
L679,6.177834795999773e-07
L879,1.2088981141935194e-06
L080,1.0603610060863673e-06
L1080,1.2011949046399377e-05
L1280,0.9999970259709827
L1480,5.994359674879491e-07
L1680,1.8363800860833337e-06
L1880,1.0574268272205007e-05
L280,3.095183881718015e-06
L480,1.18645145277484e-06
L680,4.951704298775599e-06
L880,2.816765083464147e-06
L081,9.600299373402888e-06
L1081,2.195937123663458e-06
L1281,0.9999970028038065
L1481,4.031650285263915e-06
L1681,1.9748484686652755e-06
L1881,2.218500318950537e-06
L281,1.4563783990661801e-05
L481,1.5017484684479422e-06
L681,1.9169718501792662e-06
L881,1.7768711622611204e-06
L082,8.94299547112835e-07
L1082,6.24284906996662e-07
L1282,1.0557529539658431e-06
L1482,1.238948457099587e-06
L1682,4.0466137568835924e-06
L1882,7.012619984946422e-06
L282,3.6498657658501515e-06
L482,2.103732296740162e-06
L682,1.1516786038312778e-06
L882,1.258266855272179e-06
L083,3.0176822829679357e-06
L1083,5.405767641092113e-06
L1283,1.9829732947761073e-06
L1483,2.1140600137194858e-06
L1683,1.2889804390498961e-06
L1883,2.7763401575157057e-06
L283,2.1071670605449965e-06
L483,1.8431411508665402e-07
L683,2.3443215436023972e-07
L883,3.1464454023074753e-06
L084,5.003338722817297e-06
L1084,1.032901488391881e-06
L1284,6.10193342234606e-07
L1484,1.3859883262235487e-06
L1684,2.016052617029962e-06
L1884,5.312229053634522e-06
L284,2.7663109616930122e-06
L484,7.583357927005002e-07
L684,3.3531037479143812e-06
L884,3.1195300269861283e-06
L085,0.9999559849038806
L1085,2.875689571938962e-06
L1285,7.180374843206955e-06
L1485,1.1457074517741681e-06
L1685,6.442394314577606e-06
L1885,3.14505847632626e-06
L285,2.990581709146045e-06
L485,9.869609679754093e-07
L685,7.740353755098765e-06
L885,8.915614325935678e-07
L086,6.826630498796982e-07
L1086,1.3355994993459822e-06
L1286,7.521525392901867e-07
L1486,7.754939871292944e-07
L1686,5.367436241128751e-07
L1886,9.73441277727311e-07
L286,3.2918963879988487e-06
L486,1.3602203120859767e-06
L686,1.0374226272212965e-06
L886,9.627533471454792e-07
L087,1.4701608593711418e-06
L1087,3.245295664006763e-06
L1287,1.6791669716211994e-06
L1487,1.8983850379909963e-06
L1687,1.496728995008541e-06
L1887,1.5056372492982563e-06
L287,7.042089159352343e-07
L487,3.9283705834037806e-07
L687,9.500117907565777e-07
L887,4.18310083301375e-06
L088,2.0744726175751344e-06
L1088,4.654421533506512e-06
L1288,8.703299256993161e-07
L1488,7.902196999207633e-07
L1688,1.116286147203508e-06
L1888,5.891575784024409e-06
L288,1.417883272611633e-06
L488,9.631625675647982e-07
L688,6.1482950389977e-07
L888,7.479388039293643e-06
L089,4.417343394368874e-06
L1089,6.914223426596846e-07
L1289,7.949967158036242e-07
L1489,8.609592581030429e-06
L1689,9.205331135920925e-06
L1889,9.661083145061734e-07
L289,4.837874846652238e-06
L489,8.782522205139602e-07
L689,2.6060678723665656e-06
L889,9.848027983393225e-07
L090,1.5047152813245805e-06
L1090,7.225228735264935e-06
L1290,3.7750270665541755e-06
L1490,7.402837366623837e-07
L1690,2.1425550064852826e-06
L1890,1.6148875492598913e-06
L290,8.30345963973818e-06
L490,1.3849727114335423e-06
L690,1.8327840031719068e-06
L890,1.1908738422002066e-05
L091,1.4964925876111032e-06
L1091,1.7774887913259218e-06
L1291,2.8284049829618724e-06
L1491,1.3127374336154744e-06
L1691,1.3815731532885208e-06
L1891,1.4604758619312789e-06
L291,5.896083253655946e-07
L491,7.1403971984952505e-06
L691,5.226270195002781e-07
L891,3.6069658449077284e-07
L092,2.578932090919574e-06
L1092,7.540121617702912e-07
L1292,2.763109378683775e-06
L1492,5.487890427660586e-06
L1692,1.1979227589246891e-06
L1892,2.8444122100934204e-06
L292,2.2753174734788546e-06
L492,1.050401392482982e-06
L692,5.341406406677617e-06
L892,1.2594965487152094e-06
L093,3.579564548554047e-07
L1093,4.804112138335456e-06
L1293,1.915060898756043e-06
L1493,7.236512734837186e-07
L1693,5.050531811288521e-07
L1893,2.5716023198464016e-06
L293,6.39301862074218e-07
L493,1.8908137146153332e-06
L693,1.1573301504125902e-06
L893,3.7050155961471846e-06
L094,5.542034472160657e-06
L1094,1.318148295088953e-06
L1294,2.050319309147861e-06
L1494,3.204762945756157e-06
L1694,4.339350791977556e-06
L1894,1.4296599365416354e-06
L294,2.16026957025665e-06
L494,1.518919950357318e-06
L694,1.7104503992473478e-05
L894,4.274067866269125e-06
L095,6.179242898127805e-06
L1095,4.854001612039449e-06
L1295,1.1059568380833663e-05
L1495,5.9510147629509675e-06
L1695,6.7693117541972145e-06
L1895,1.2569537352973096e-06
L295,5.934042746949084e-06
L495,0.999996756605117
L695,8.668451664085404e-06
L895,3.1665949808711407e-07
L096,8.731864204046423e-07
L1096,5.4117357425436195e-06
L1296,7.834411524075708e-07
L1496,3.6881760574098314e-06
L1696,1.1030689599742512e-06
L1896,5.9604929521670025e-06
L296,1.112001604220634e-06
L496,9.887668281458155e-06
L696,1.7473438184527727e-07
L896,9.075496512971195e-07
L097,2.0880193562675164e-06
L1097,2.791439892422108e-06
L1297,1.2449682695194707e-05
L1497,3.3410573427601864e-06
L1697,6.6136014835440925e-06
L1897,2.0954385843260387e-06
L297,9.855027512888806e-06
L497,5.7318495699392185e-06
L697,1.4445326064748672e-06
L897,1.931713216683127e-06
L098,2.923511070392667e-06
L1098,3.082484293289581e-06
L1298,4.243003140953502e-06
L1498,2.0268413773370957e-06
L1698,3.1071662745704982e-06
L1898,1.0995372199855593e-06
L298,2.5656636177466573e-06
L498,2.3443279076257526e-07
L698,3.6375441065047736e-06
L898,3.7852509098151884e-06
L099,3.3006098968892335e-06
L1099,2.34151354580549e-06
L1299,1.8293832978486454e-06
L1499,9.459952167045799e-07
L1699,1.1412983825259563e-06
L1899,3.250458059907719e-06
L299,2.9533205191439284e-06
L499,7.00582945119296e-07
L699,3.872733854202267e-06
L899,2.5696801479014733e-06
L100,1.3873395811990995e-06
L1100,9.851336222579464e-07
L1300,3.651826735496257e-06
L1500,1.0153006478249915e-05
L1700,2.8483259938518615e-06
L1900,2.0757225657420465e-06
L300,3.563811298545389e-06
L500,1.167109887176407e-06
L700,8.894944762164669e-07
L900,8.292286661204724e-07
L101,1.2481083349745789e-06
L1101,9.626695185883492e-07
L1301,2.117211654443918e-06
L1501,1.2633656186682688e-06
L1701,2.9401003800150633e-06
L1901,2.972921909162945e-06
L301,9.380566984942114e-07
L501,2.083110831695003e-06
L701,3.037143938147178e-06
L901,1.6544913866636004e-05
L102,2.711173242872965e-06
L1102,6.15606702186214e-06
L1302,1.7199838878879677e-06
L1502,4.008962817780029e-06
L1702,1.1009220918616554e-06
L1902,4.260656309931627e-06
L302,2.144268940899772e-06
L502,3.0454173316684542e-06
L702,3.435230797697143e-06
L902,3.5779133977857356e-06
L103,2.0313280140336244e-06
L1103,1.6305622812697001e-06
L1303,1.2690292867100215e-06
L1503,4.206960602102935e-06
L1703,5.183870763258645e-06
L1903,5.566617650769039e-06
L303,4.3627346420443346e-07
L503,3.11158829157149e-06
L703,5.091242397219937e-06
L903,1.7590970571456344e-05
L104,4.955086878119237e-07
L1104,1.0062039413532771e-06
L1304,1.2831893371324078e-06
L1504,1.3843512657974326e-06
L1704,7.920364887113113e-07
L1904,2.2139997141334473e-07
L304,6.497396565050116e-06
L504,8.636822253363471e-07
L704,2.2814134507156918e-06
L904,4.466924154980943e-07
L105,3.002264611166711e-06
L1105,2.6426241770007143e-06
L1305,3.939053856566287e-06
L1505,1.657902406524504e-06
L1705,1.8350785943291537e-06
L1905,7.903684484514131e-07
L305,4.988815622212392e-06
L505,7.972774027796548e-06
L705,7.806949533038952e-06
L905,1.502329393284845e-06
L106,8.355153452913969e-06
L1106,1.2045455888536776e-06
L1306,2.6940519895209e-07
L1506,1.1837818835608022e-05
L1706,6.011394887008254e-06
L1906,3.146804158447796e-07
L306,1.4771584269256577e-06
L506,1.353438430626185e-06
L706,0.9999949936473116
L906,6.481374230575563e-07
L107,3.7858239188756694e-06
L1107,4.272505613176136e-06
L1307,1.3280226240096788e-06
L1507,8.515239256102435e-06
L1707,2.1739502618977064e-06
L1907,1.5604718323140473e-05
L307,2.5186785607965916e-06
L507,9.05948578574e-07
L707,6.1036784781951324e-06
L907,8.35745181713521e-06
L108,3.252660534971107e-06
L1108,1.3231432562026457e-06
L1308,5.134062187431796e-06
L1508,1.2448348152867074e-06
L1708,3.834659453754356e-07
L1908,1.1090804490542097e-06
L308,9.582954452082096e-06
L508,8.920431391473265e-07
L708,4.389292452210253e-06
L908,5.9873620161109155e-06
L109,2.585264385216645e-06
L1109,1.5252511365866337e-06
L1309,0.9999971690370849
L1509,8.014128173140482e-06
L1709,7.60168457388947e-07
L1909,1.1929965932994785e-06
L309,6.049555569839114e-07
L509,1.5787371705350025e-05
L709,2.9841942804074035e-06
L909,9.344547066585672e-07
L110,5.454514029272291e-06
L1110,9.377440929535207e-07
L1310,9.585408820145915e-07
L1510,2.4712899900964277e-07
L1710,3.2266368262337922e-06
L1910,3.30647527114576e-06
L310,2.2899768062895985e-06
L510,1.6290037570342087e-06
L710,1.1919686166545443e-06
L910,7.212323930328541e-07
L111,1.668263415559906e-06
L1111,7.520458315423075e-06
L1311,7.176006918419113e-07
L1511,1.7728259695725386e-06
L1711,1.6971637071442848e-06
L1911,2.1995997556257624e-07
L311,9.808587009406654e-07
L511,5.169405989151268e-06
L711,2.1613314980313666e-07
L911,7.082954531586628e-07
L1112,4.871166067223389e-07
L112,3.982012477370161e-06
L1312,1.4794312415748522e-06
L1512,2.2305366472629657e-06
L1712,2.023691397251163e-05
L1912,2.3565944507170125e-06
L312,3.35846573758369e-06
L512,1.5793382308823121e-06
L712,3.842825882354154e-06
L912,2.2258149355434237e-06
L1113,1.3272662741504638e-05
L113,6.658201188054709e-06
L1313,2.3614639489671323e-06
L1513,0.9999964347790665
L1713,1.0991597200754243e-06
L1913,1.5958157076578904e-06
L313,2.5589477071332583e-06
L513,1.1417690510928476e-06
L713,2.673348984399058e-06
L913,8.396319936349026e-07
L1114,4.047673971163248e-06
L114,8.724971491194881e-06
L1314,1.990056393010059e-06
L1514,9.568027768913173e-07
L1714,7.1964126302356815e-06
L1914,4.922020107630128e-06
L314,1.9054098647004154e-06
L514,1.3681630699284621e-05
L714,1.9801670702947153e-06
L914,9.586383265350471e-07
L1115,3.356165279206752e-06
L115,3.77900707741794e-06
L1315,8.752472095637856e-07
L1515,1.6116153887129594e-06
L1715,2.5290236055093347e-06
L1915,2.7296675110562484e-06
L315,3.305614043043048e-06
L515,2.0863741768010767e-06
L715,5.8105393908969965e-06
L915,7.011046723499923e-07
L1116,2.688045506943446e-06
L116,4.310508843749197e-06
L1316,6.916143505543801e-06
L1516,4.0953304230657014e-07
L1716,0.9999891289695053
L1916,5.540785535075713e-07
L316,4.092895597409816e-07
L516,4.028904263790987e-06
L716,5.1621228090210955e-06
L916,4.2734654304573605e-06
L1117,6.458427633003291e-06
L117,2.498241144319307e-06
L1317,2.2189979848299493e-06
L1517,8.484515602809066e-07
L1717,7.560852875897436e-07
L1917,8.487180044873592e-07
L317,1.0726670006118062e-06
L517,4.304609014421884e-07
L717,6.871626130922804e-07
L917,2.770258752123052e-06
L1118,0.9999954365842978
L118,4.32079402346813e-06
L1318,2.543544020088372e-06
L1518,3.1910656243265812e-06
L1718,3.817788200179829e-06
L1918,3.1182934317263977e-07
L318,5.385405403855322e-07
L518,6.996581106458581e-07
L718,1.8183627451202648e-06
L918,4.334772443608051e-06
L1119,2.4627897114408578e-06
L119,3.0624906569351806e-06
L1319,2.1289375750347848e-06
L1519,1.495211487554503e-06
L1719,2.9860868854609505e-06
L1919,2.087729648028045e-06
L319,2.4313285972656954e-06
L519,4.0477617538356426e-07
L719,2.3653277517212448e-06
L919,3.3454597786886085e-06
L1120,2.2958632929181123e-06
L120,3.998718452751294e-07
L1320,4.499470574910133e-06
L1520,2.4226465418391035e-06
L1720,4.340439056936198e-07
L1920,2.0472815871752127e-06
L320,3.5726784825448544e-07
L520,3.973825603150128e-06
L720,1.1465501854883316e-06
L920,2.3955337681958136e-06
L1121,1.1409229074599363e-06
L121,4.943975497186116e-06
L1321,1.4520871351845063e-06
L1521,7.946949950497984e-06
L1721,1.003581288025756e-06
L1921,7.398124722500906e-06
L321,6.720204742297243e-07
L521,6.2050931879675844e-06
L721,3.586924806947416e-06
L921,4.4848698496846705e-06
L1122,1.1282084920574438e-06
L122,6.586663718208504e-07
L1322,5.7249004047749905e-06
L1522,1.8875097943742275e-06
L1722,1.0242158646561333e-06
L1922,1.0582442785976729e-05
L322,6.2397751094055714e-06
L522,6.593978403232837e-07
L722,2.5897881757808985e-06
L922,1.1424663707586568e-06
L1123,6.055872497303447e-07
L123,4.351128924001028e-06
L1323,9.40837831014859e-07
L1523,6.878871363920376e-06
L1723,1.0693469886942594e-06
L1923,1.7161580354594818e-06
L323,6.007060773320351e-07
L523,5.116341343473134e-07
L723,3.939204993386626e-06
L923,1.4513421471393923e-06
L1124,1.5461833245364577e-06
L124,1.160551697977052e-06
L1324,2.453237580684683e-06
L1524,2.298772309370949e-06
L1724,1.2105794519581812e-06
L1924,2.276666553604476e-06
L324,1.963718194175816e-06
L524,3.3312343176055073e-06
L724,9.441593996125573e-07
L924,7.254650495924806e-07
L1125,1.4343479844739717e-06
L125,5.100055327319763e-06
L1325,1.0350141054447366e-06
L1525,7.956773890573176e-06
L1725,1.5500025113719083e-06
L1925,2.072499277894604e-06
L325,4.442754610210017e-06
L525,1.096702058476422e-06
L725,1.2175900796607853e-06
L925,3.193165934401013e-07
L1126,2.5054917048638215e-06
L126,4.596475054202155e-07
L1326,2.199601383182542e-06
L1526,1.0663733058140225e-06
L1726,4.2556793542073054e-06
L1926,2.495880988038376e-06
L326,1.4391546943192328e-06
L526,3.3158953893267946e-06
L726,1.2691442138113695e-06
L926,3.1315585285861614e-07
L1127,2.130183324595129e-06
L127,1.4702841420258968e-06
L1327,9.965478597026765e-07
L1527,1.9446827916602217e-06
L1727,5.527323401614616e-06
L1927,1.8453964806972634e-05
L327,2.357962183284471e-06
L527,1.1756939306136138e-06
L727,1.1655917665258595e-05
L927,4.924538782565192e-06
L1128,2.037473847026164e-06
L128,1.8640667486746657e-06
L1328,2.2093425017348206e-06
L1528,2.186791041436551e-06
L1728,2.2523490570867146e-06
L1928,4.5003937106991295e-06
L328,1.944796467453935e-06
L528,1.6738041119388513e-06
L728,3.7018862094286016e-06
L928,1.2308128394301657e-06
L1129,6.182292941055267e-07
L129,4.7932322835013635e-06
L1329,3.6757964571091794e-06
L1529,8.114411351728192e-07
L1729,4.744274744336768e-06
L1929,6.174310054131102e-07
L329,3.7687386047645445e-06
L529,5.005669688730499e-07
L729,2.364770191424835e-06
L929,2.696513533133124e-06
L1130,7.357784038170425e-07
L130,1.713725006148655e-06
L1330,1.4253154677871228e-06
L1530,9.76423356156054e-07
L1730,4.508372181121085e-06
L1930,1.1578683591844197e-06
L330,2.1191096897562728e-07
L530,7.260710748092631e-07
L730,2.8010881398427377e-06
L930,1.5403693247952672e-06
L1131,2.671035132707755e-06
L131,8.649313907513342e-07
L1331,1.7800578683915907e-06
L1531,8.091632948138479e-06
L1731,1.1618550656617297e-06
L1931,1.9046083773769396e-06
L331,1.4581694567061642e-06
L531,3.0199971210280083e-06
L731,4.242956576157042e-06
L931,1.4415579736707976e-06
L1132,1.3868569493806494e-06
L132,3.7583876039386187e-06
L1332,1.4241376021885388e-06
L1532,1.6914811625747058e-06
L1732,7.901106165156272e-07
L1932,9.863356304476131e-07
L332,2.534911562687472e-07
L532,7.677069554925394e-06
L732,1.8459919261929286e-06
L932,5.517882511356751e-06
L1133,5.011148241332996e-06
L133,5.388580461020776e-06
L1333,4.089395520638147e-06
L1533,2.1238761455732337e-06
L1733,0.9999965785183135
L1933,3.9459967872231655e-06
L333,3.2246400628349846e-06
L533,5.116172378567476e-06
L733,3.7450926882432968e-06
L933,2.5455951389794735e-06
L1134,1.5948759721973068e-06
L1334,2.913441047947521e-06
L134,1.3987727795088386e-05
L1534,2.142288453027001e-06
L1734,6.305261450687126e-06
L1934,2.533412236650624e-06
L334,1.554561389902152e-06
L534,6.0633809435310925e-06
L734,3.637293165923617e-07
L934,5.047989695248035e-06
L1135,9.134410252766483e-07
L1335,4.926067953059157e-06
L135,5.250745949770541e-06
L1535,2.2210509368261192e-07
L1735,9.643343261092942e-07
L1935,9.016191758149029e-07
L335,4.872432207789701e-06
L535,9.932441199589475e-07
L735,3.588049517860835e-06
L935,3.7764985398361817e-06
L1136,3.1813331370605914e-07
L1336,1.0171598005369084e-06
L136,2.939981214786529e-06
L1536,9.993354175769774e-07
L1736,1.0886371380473331e-06
L1936,9.840989266976044e-07
L336,9.512818506474218e-07
L536,2.133972367833662e-06
L736,4.849143713028164e-07
L936,1.5810217359351586e-06
L1137,9.180248195808667e-07
L1337,2.0167404834015352e-06
L137,1.59792580229142e-06
L1537,1.1242168269442842e-06
L1737,1.4365725693229892e-06
L1937,1.6223530978406992e-06
L337,1.921574604075216e-06
L537,4.682376459738623e-06
L737,2.260659112409321e-06
L937,1.121317769788243e-06
L1138,6.220699231328224e-06
L1338,7.406083140977027e-07
L138,1.0963661331203368e-06
L1538,5.3860177333496235e-06
L1738,9.302989692086925e-07
L1938,4.0132882091783175e-06
L338,6.765129800068051e-06
L538,6.104798004494384e-06
L738,8.086312095826688e-06
L938,8.027837423870063e-06
L1139,7.994624478601546e-07
L1339,1.596675901553512e-06
L139,1.1046943318354435e-06
L1539,2.9679240612542017e-06
L1739,1.2673681922612124e-06
L1939,1.2915673010793154e-06
L339,4.412095423613127e-06
L539,9.737548704514382e-07
L739,9.854987334175191e-07
L939,1.91558383515619e-06
L1140,1.3452599836134643e-06
L1340,8.534084477597173e-07
L140,2.393029574490923e-07
L1540,1.7364832786054946e-06
L1740,4.609328328041412e-06
L1940,3.544170580747992e-06
L340,1.250515336261575e-06
L540,4.330193089041808e-06
L740,2.0005581703036992e-07
L940,2.295400658784938e-07
L1141,6.025684849334726e-07
L1341,3.3274896005005287e-07
L141,1.8811214212710448e-06
L1541,1.4860368854513412e-06
L1741,6.460853066309341e-07
L1941,5.463530586322245e-07
L341,5.0421080303736306e-06
L541,7.091133057466286e-07
L741,7.881200594745028e-07
L941,7.484336028025063e-06
L1142,8.186676046866194e-07
L1342,9.66152596417839e-07
L142,2.0348759816401598e-06
L1542,4.8537478943653356e-06
L1742,2.144996977438973e-07
L1942,1.7066745925817744e-07
L342,1.8777564752742356e-06
L542,6.990537864635165e-07
L742,9.565850477749589e-07
L942,3.734769675322778e-06
L1143,1.0635744591193236e-05
L1343,2.436707379263877e-07
L143,1.158217896755826e-06
L1543,1.095109680362762e-06
L1743,8.214485849925559e-07
L1943,8.213449370369319e-07
L343,2.7875875599276956e-06
L543,3.925007759878037e-06
L743,6.232263520937174e-06
L943,8.230196091866936e-07
L1144,2.2630049260276087e-06
L1344,1.9575943776769974e-06
L144,5.528381567893133e-06
L1544,1.4347154896106857e-06
L1744,8.337881615930338e-06
L1944,1.6990709708664337e-06
L344,1.7673143351909316e-06
L544,2.149271551996001e-06
L744,1.0109214217216272e-06
L944,1.642685374321446e-06
L1145,7.395281842860225e-06
L1345,8.772930212970752e-06
L145,7.198909395101815e-06
L1545,9.665365071525455e-07
L1745,6.785300945674895e-06
L1945,1.6864222887259572e-06
L345,5.740446184362573e-07
L545,9.9317684975072e-07
L745,3.229082221912085e-06
L945,4.125212791976423e-06
L1146,3.5962210698064936e-06
L1346,1.990540974751044e-06
L146,1.1189838426588043e-06
L1546,5.013127031454859e-06
L1746,7.752067653926826e-07
L1946,4.5290736754833635e-06
L346,2.299340882242599e-06
L546,3.97216637727558e-06
L746,2.341819179029307e-06
L946,1.2984913745336163e-06
L1147,0.9999966149424138
L1347,1.4556643949377185e-06
L147,1.4957566415193115e-06
L1547,2.1995289556180867e-06
L1747,0.999997617561725
L1947,2.380885060520245e-06
L347,3.0325610458720852e-06
L547,1.1537021981653067e-06
L747,6.658166617932248e-07
L947,1.9613215434721286e-06
L1148,2.2037508533313117e-06
L1348,3.3026256419365924e-06
L148,2.9049867783088966e-06
L1548,5.528109074344918e-06
L1748,9.945020586504493e-07
L1948,9.816541736057393e-07
L348,1.2487547294103282e-06
L548,2.0988349619190826e-06
L748,1.056432479227811e-06
L948,1.1343218829245624e-06
L1149,1.5197397005740464e-05
L1349,2.700535676846137e-06
L149,4.13886652517474e-06
L1549,2.7729187126236745e-06
L1749,2.3858803939742122e-06
L1949,5.893884164244536e-07
L349,2.5666589853808566e-06
L549,3.1551139803713307e-06
L749,3.0173443278380805e-06
L949,3.3685775439928088e-06
L1150,1.562054617957185e-06
L1350,1.2999609431722657e-06
L150,9.86020754298373e-07
L1550,2.1759662073651296e-06
L1750,1.8229142975488693e-06
L1950,8.941336836868252e-06
L350,1.5449006369557378e-06
L550,1.274932548245099e-06
L750,1.6623785598281985e-06
L950,1.4532190043509486e-06
L1151,2.1874003146225367e-06
L1351,7.366868236644103e-07
L151,1.3487409683353432e-06
L1551,6.572833124327686e-07
L1751,1.5189985307930756e-06
L1951,2.0037841640022256e-07
L351,1.5900986376683317e-07
L551,2.1112236969042765e-06
L751,3.1014787332260906e-06
L951,1.3813165846470085e-06
L1152,3.994216356864045e-06
L1352,4.471812515304083e-06
L152,2.001324194704154e-06
L1552,2.7863868368070236e-06
L1752,4.726254416093108e-06
L1952,4.2741619974585936e-06
L352,6.358056692808631e-06
L552,5.236100570943575e-07
L752,1.0775456986979503e-06
L952,1.839341356886632e-06
L1153,9.787318834735513e-07
L1353,3.944587177938214e-06
L153,1.2501458803077608e-06
L1553,1.769209549729918e-06
L1753,3.58389324720817e-06
L1953,1.2722516187546111e-05
L353,1.117848124589717e-06
L553,5.410285559159005e-06
L753,1.1705959348635255e-06
L953,1.934107656759453e-06
L1154,6.293321347438239e-06
L1354,1.232134516087126e-06
L154,1.0629746886906874e-05
L1554,9.645204445409784e-07
L1754,8.672858583110664e-06
L1954,1.135127300540132e-06
L354,1.0931985751275236e-06
L554,1.48127436160569e-06
L754,6.126099084545575e-07
L954,8.755654514299065e-07
L1155,1.5114053236387865e-06
L1355,1.2359798114283307e-05
L155,8.6419742694173e-07
L1555,6.073812439394803e-06
L1755,1.1364238869795162e-06
L1955,1.1636846767071246e-06
L355,9.523657654018542e-07
L555,6.503163369607265e-07
L755,5.878185016908267e-06
L955,1.6685342905840373e-06
L1156,8.02049324865512e-06
L1356,7.788740857837892e-07
L1556,1.2970887057975063e-06
L156,3.2313947428476562e-06
L1756,1.2540291577374402e-05
L1956,7.684606760354975e-06
L356,7.417059837500119e-06
L556,1.4926835931927633e-06
L756,8.469518352170986e-07
L956,3.884623692371947e-06
L1157,3.0309707026270607e-06
L1357,1.0058744416793004e-06
L1557,5.000038082846247e-07
L157,4.713970344805955e-06
L1757,3.7216100531666122e-06
L1957,3.5657813628589204e-06
L357,1.3811458649533967e-06
L557,4.890138947326541e-07
L757,5.649517070571926e-06
L957,2.5821620737419327e-06
L1158,2.545147254019127e-06
L1358,1.5787903947648237e-06
L1558,2.6401395169755487e-06
L158,6.987892805730223e-06
L1758,2.469916217452533e-06
L1958,2.161923382878827e-06
L358,1.3544719661977833e-06
L558,4.362065678196954e-06
L758,2.4547432508723905e-07
L958,1.0545814236969767e-06
L1159,2.0966036005017674e-06
L1359,2.339201969605328e-06
L1559,7.24033437796672e-07
L159,2.060238941920958e-06
L1759,1.254695709324771e-06
L1959,5.988106212931688e-06
L359,2.8553763318934394e-06
L559,9.353511907929219e-07
L759,5.259492519894061e-06
L959,2.166480370550071e-06
L1160,1.003769011527474e-06
L1360,1.7023577918867955e-06
L1560,4.0590728913090563e-07
L160,1.2839336236089203e-06
L1760,1.0130183197988083e-06
L1960,3.452511054214377e-07
L360,5.838228744919935e-06
L560,1.1562515231180487e-06
L760,9.555327324254128e-06
L960,1.2187103234428086e-06
L1161,4.504340102672198e-06
L1361,3.7733643907898234e-06
L1561,4.430911457503253e-06
L161,3.461887185684926e-06
L1761,3.3101108360588622e-06
L1961,4.162756324588869e-06
L361,1.2497715003320687e-06
L561,1.3512070231684222e-06
L761,5.022319488597497e-06
L961,2.2091937028386975e-06
L1162,1.7103359727041607e-06
L1362,1.222333761548454e-05
L1562,1.0723069555468216e-05
L162,1.3812488983936392e-06
L1762,2.0179653981521085e-06
L1962,2.9469978787002625e-06
L362,1.2991994623697834e-06
L562,3.7648219431548617e-07
L762,9.441878458572842e-07
L962,5.03025101105983e-06
L1163,3.0371455097706995e-06
L1363,5.027821823123388e-06
L1563,1.2930346813965267e-06
L163,2.7374775067043405e-06
L1763,8.153614671389637e-07
L1963,2.734780088267265e-06
L363,9.218038124419929e-06
L563,4.9604821988234645e-06
L763,1.8835937054488262e-05
L963,3.990777493188311e-06
L1164,1.1383864224049716e-06
L1364,1.1322730669510434e-06
L1564,1.3372390761507132e-06
L164,5.399604194424653e-06
L1764,0.999998934943016
L1964,8.77426951643134e-06
L364,1.0587121297826258e-06
L564,9.880984911160162e-07
L764,2.637544471395755e-06
L964,3.254093593298815e-07
L1165,1.0350265678763066e-06
L1365,2.2315935260535003e-06
L1565,5.787598745489103e-07
L165,2.080607325537256e-07
L1765,2.592509890807355e-06
L1965,1.1356731184507048e-06
L365,2.509990560719783e-07
L565,2.2316711422821593e-06
L765,4.7386559075227917e-07
L965,6.690926486671018e-06
L1166,4.8071918043795265e-06
L1366,9.800943033530238e-07
L1566,1.7098151639116825e-06
L166,8.029585384863011e-07
L1766,2.1130447322242147e-06
L1966,2.056148089371397e-06
L366,2.7151344389480237e-06
L566,3.7272938120904202e-06
L766,1.9028428418361548e-06
L966,9.674718441247967e-07
L1167,5.460275886192333e-06
L1367,9.727236320119662e-06
L1567,3.282969183253585e-06
L167,1.3260757707813136e-05
L1767,3.254786914886212e-06
L1967,0.9999961763310767
L367,1.466814713303087e-05
L567,1.7910691571790055e-05
L767,6.16682091169527e-06
L967,2.1849420873654413e-06
L1168,1.6031115676454604e-06
L1368,9.08428156515833e-07
L1568,3.843637522746986e-06
L168,4.0286708206150345e-06
L1768,1.7443410265990934e-06
L1968,5.044283746079168e-07
L368,2.300730495133524e-06
L568,1.6689467125254379e-06
L768,2.3721388674637113e-06
L968,1.955804132751445e-06
L1169,1.0219749725558687e-06
L1369,6.659837863274054e-06
L1569,1.7721334890739339e-06
L169,1.7909043741438093e-06
L1769,5.966652787552013e-06
L1969,1.6882092569321548e-06
L369,4.198748357763006e-06
L569,5.454370361511628e-06
L769,7.865034316635979e-06
L969,1.688325754868825e-06
L1170,9.029244253891363e-06
L1370,6.77717599733073e-06
L1570,1.78011632170332e-06
L170,5.216037921423636e-07
L1770,5.580854665202736e-06
L1970,2.0380135030177934e-06
L370,1.628576155019873e-06
L570,9.943221648265969e-06
L770,5.04651972215168e-06
L970,8.497542791045362e-07
L1171,3.984843413030419e-06
L1371,9.391721855491909e-06
L1571,5.500856078265736e-06
L171,1.4456379792329617e-05
L1771,3.2599884355342975e-07
L1971,9.920982200316751e-07
L371,1.120948849654033e-05
L571,1.674360745224903e-06
L771,1.2669848870351898e-05
L971,1.7413876227547976e-06
L1172,3.986792072377171e-06
L1372,3.7246726070889604e-06
L1572,1.2469761346920642e-06
L172,5.407647455272792e-07
L1772,1.0604883664105429e-06
L1972,1.2017333612471001e-06
L372,2.0461362746409027e-06
L572,1.3841976981450338e-06
L772,4.521392723114338e-07
L972,1.410204492100218e-06
L1173,1.9249101823158635e-06
L1373,1.0262080825133885e-06
L1573,2.7774903488038065e-06
L173,1.6767555875752172e-06
L1773,3.585482438516431e-07
L1973,2.485217597746887e-06
L373,1.0316616345523002e-06
L573,1.8344229898964474e-06
L773,6.971668940179982e-07
L973,2.9691255579747616e-06
L1174,4.981820011956899e-06
L1374,1.7448467921941022e-06
L1574,2.378068660290451e-07
L174,4.182954323060242e-06
L1774,1.0254487552571286e-06
L1974,2.218678773397472e-06
L374,1.9550059629185807e-06
L574,1.9208648778103535e-06
L774,4.679677076223232e-06
L974,2.7856016106030893e-06
L1175,1.6711866945756845e-06
L1375,1.2723042384498992e-06
L1575,1.434496213490261e-06
L175,2.0965657667861424e-06
L1775,1.3294064960966877e-06
L1975,4.626718513804937e-06
L375,1.5195097323956484e-06
L575,6.687766970700292e-07
L775,1.4140302060633388e-06
L975,8.902758034820146e-06
L1176,5.213033960272359e-06
L1376,5.348395103766174e-06
L1576,1.6705341013237903e-06
L176,3.086431857479018e-06
L1776,3.4947388208192142e-06
L1976,1.9065108111668092e-06
L376,3.563695491452786e-06
L576,3.3421632722151325e-06
L776,2.9928918594322252e-06
L976,2.8888581452466883e-06
L1177,1.4382650228226497e-05
L1377,9.029070796939511e-07
L1577,1.7316508290230858e-06
L177,3.6451779485248877e-07
L1777,2.547731726039638e-06
L1977,1.312836177872218e-06
L377,3.135329379454478e-06
L577,5.641495430088595e-07
L777,1.194809332072585e-06
L977,5.010060153566222e-06
L1178,1.3683224646447543e-06
L1378,5.501224277584456e-06
L1578,9.879906729148828e-07
L1778,7.366678663809958e-06
L178,6.51068211371169e-06
L1978,3.6615262313454887e-07
L378,3.792725385201525e-06
L578,1.3648772415021253e-06
L778,2.0815956064293356e-06
L978,4.990980459723588e-06
L1179,1.864197789084702e-07
L1379,1.797855155886935e-06
L1579,7.879590793331932e-06
L1779,4.415161359651305e-06
L179,1.2348344693452314e-06
L1979,1.1440547517260015e-06
L379,1.8204677202968575e-06
L579,8.189121579039219e-07
L779,2.3290771136541917e-06
L979,2.0423770672552966e-06
L1180,1.5130209022354567e-06
L1380,9.779623143637393e-07
L1580,6.426368749046266e-07
L1780,6.152406070424364e-06
L180,3.9064168545997145e-06
L1980,6.297218037863432e-07
L380,1.6294689569881468e-06
L580,3.228917716070752e-07
L780,8.695947277546401e-06
L980,2.8304553729542285e-06
L1181,2.1731482089344653e-06
L1381,3.1020819483913827e-06
L1581,8.663454284794624e-07
L1781,7.582362947883328e-07
L181,2.505772888287629e-06
L1981,1.977550247387172e-06
L381,8.228092543689706e-07
L581,2.096731450292438e-06
L781,2.1332820438382274e-06
L981,1.979111833373911e-06
L1182,6.305043802511393e-06
L1382,5.702748277073312e-07
L1582,3.3007505687176847e-06
L1782,0.9999812615223347
L182,5.451421784819761e-06
L1982,1.927802082917706e-06
L382,1.0743176283303967e-06
L582,2.880724988532265e-06
L782,1.0540137340143297e-06
L982,1.949884904140697e-06
L1183,1.4293828558136847e-05
L1383,6.279872721596246e-06
L1583,9.52194319418208e-06
L1783,0.9999966199976109
L183,1.8169480178093007e-06
L1983,0.9999977392355013
L383,8.333252810814907e-06
L583,1.3447188341877933e-06
L783,6.694735149187567e-06
L983,5.5068573800724244e-06
L1184,1.2387831333970137e-06
L1384,2.2819042947444928e-07
L1584,8.548369384198483e-07
L1784,9.23461247745189e-07
L184,9.298737937660487e-07
L1984,9.283357486443742e-07
L384,9.034959683944855e-06
L584,1.1734207192228077e-05
L784,9.471620229761221e-07
L984,6.836415763070479e-06
L1185,1.1688928704879667e-06
L1385,1.441793385848642e-05
L1585,7.316172532801001e-06
L1785,2.7897851688828645e-06
L185,4.336474149172685e-06
L1985,7.551817135723561e-06
L385,1.328555246793565e-06
L585,1.0640684322434366e-06
L785,1.11756745934163e-06
L985,1.7597747504439126e-06
L1186,9.650217100824225e-06
L1386,1.2696891965542146e-06
L1586,8.854902326764002e-06
L1786,1.7898722353364637e-06
L186,6.499311001296095e-06
L1986,1.5713062683844058e-06
L386,1.5306695421249175e-06
L586,1.5265924151376804e-06
L786,1.9777177108574686e-06
L986,4.789034892124336e-06
L1187,2.5421408945394576e-06
L1387,2.8436545408732667e-06
L1587,7.696862083186668e-07
L1787,5.646777806661839e-06
L187,3.2629534880295714e-06
L1987,3.8012607240730085e-06
L387,3.289629498296923e-06
L587,2.4591553648434982e-06
L787,4.695730414113835e-06
L987,9.695501803419905e-07
L1188,2.75509298446425e-07
L1388,1.7118118953624724e-06
L1588,4.988596149335356e-06
L1788,6.036962575492796e-06
L188,5.0898380308405236e-06
L1988,4.4158947649591257e-07
L388,4.953561284040445e-06
L588,1.6093314662547528e-06
L788,4.2555005496676617e-07
L988,1.0129317772687212e-05
L1189,6.9075670443024315e-06
L1389,4.516105438460735e-06
L1589,0.9999961551582965
L1789,2.36981157615116e-06
L189,1.1597214419012312e-06
L1989,2.586563295688257e-06
L389,2.770590037638766e-06
L589,8.444025303835618e-07
L789,3.375239387253405e-07
L989,1.5001768819239886e-06
L1190,9.774869838943032e-07
L1390,7.257456053833681e-07
L1590,5.986310853926666e-07
L1790,2.9030760490607573e-06
L190,2.2963545241675007e-06
L1990,5.01056876028643e-07
L390,4.0094760151065703e-07
L590,2.985795724080373e-06
L790,9.811297955849254e-07
L990,7.419302133957112e-07
L1191,8.607926752529774e-07
L1391,6.017267121390498e-06
L1591,9.310388485071431e-07
L1791,3.1327590237397698e-06
L191,1.9869615237462967e-06
L1991,1.3747129502117857e-06
L391,2.0055037113002826e-06
L591,1.1028372367777944e-06
L791,1.605532027542667e-06
L991,1.075563641598213e-06
L1192,6.769603707364315e-07
L1392,4.65856109802876e-06
L1592,3.236271919434908e-06
L1792,0.9999954941589801
L192,3.571345698902575e-06
L1992,3.2832296349434675e-06
L392,1.614352429310389e-06
L592,5.711288389840486e-06
L792,3.0525191348104176e-06
L992,5.044779170191044e-07
L1193,8.845994383019015e-07
L1393,3.225501714736663e-06
L1593,1.3909977880254857e-06
L1793,1.7044597200263664e-06
L193,1.7855800899593974e-06
L1993,6.399848873552699e-06
L393,1.8285308142795786e-06
L593,3.886256216019802e-07
L793,2.7692079973224525e-06
L993,1.9625133316132968e-06
L1194,3.5124439827454e-06
L1394,0.999996084424453
L1594,2.4577781459217453e-06
L1794,2.3848303783221845e-07
L194,3.4893124394928124e-06
L1994,4.792340105285076e-07
L394,2.6368285977279636e-06
L594,8.295846133809882e-07
L794,3.896727492414115e-06
L994,5.0209103497732985e-06
L1195,5.375098783316949e-07
L1395,6.782266269081002e-07
L1595,3.297660662798289e-06
L1795,3.0156077955760633e-06
L195,1.8269397994638125e-06
L1995,1.1937980173868427e-06
L395,5.45651240695808e-06
L595,8.503311524341927e-07
L795,9.574679545847134e-07
L995,1.8365036854312942e-06
L1196,1.0599602630392102e-06
L1396,2.151043912091406e-06
L1596,2.402281707841671e-06
L1796,2.001435489898784e-06
L196,9.572231351287245e-07
L1996,3.664740801919727e-06
L396,7.368303674392258e-07
L596,2.6347090864096485e-06
L796,3.5496453891981927e-06
L996,3.052636607961246e-06
L1197,1.2585975520310617e-06
L1397,3.0703387013634705e-06
L1597,1.4556256561572394e-06
L1797,4.972340328364823e-06
L197,1.385593968492699e-06
L1997,1.1217376503429835e-06
L397,1.3710921053508658e-06
L597,2.1125304685828513e-05
L797,4.647445106547396e-06
L997,2.6701489450406314e-06
L1198,1.5658834764299735e-06
L1398,0.9999974325853762
L1598,5.973980455984686e-06
L1798,2.674479962733491e-06
L198,2.1061041990825448e-06
L1998,1.4052039937667644e-06
L398,5.127452090283542e-06
L598,1.906574457691547e-06
L798,3.471641057706033e-06
L998,8.611215907265764e-07
L1199,5.53787445596186e-07
L1399,4.840185754726535e-06
L1599,6.600964872366977e-07
L1799,1.925861698793009e-06
L199,4.719895067379441e-06
L1999,7.075941180153019e-07
L399,1.2551322081431039e-06
L599,8.745234624204084e-07
L799,6.201662657302438e-07
L999,1.5109449497227644e-06
L1000,6.147914903585695e-06
L1200,1.1970899905345062e-06
L1400,1.583126378620246e-06
L1600,2.8123329423103885e-06
L1800,5.750589717264916e-06
L200,1.6275641703882775e-06
L400,5.614966113887556e-06
L600,4.973025760898235e-07
L800,5.347318459429725e-06
